{
    "position": {
        "x": 4205993.824173541,
        "y": 880893.122701905,
        "z": 4700068.766083504
    },
    "direction": {
        "x": 0.24542317767091998,
        "y": 0.6620668166260479,
        "z": -0.7081207483081958
    },
    "up": {
        "x": 0.7542382583332264,
        "y": 0.3284838455348807,
        "z": 0.5685270555471198
    },
    "right": {
        "x": 0.6090091243391754,
        "y": -0.6736214764578603,
        "z": -0.4187385734875199
    }
}